{
  "sections": {
    "hero-slideshow": {
      "type": "slideshow",
      "blocks": {
        "slide-0": {
          "type": "slide",
          "settings": {
            "heading_size": "h1",
            "subheading": "",
            "link": "shopify://collections",
            "button_style_secondary": false,
            "box_align": "middle-right",
            "show_text_box": false,
            "text_alignment": "left",
            "image_overlay_opacity": 0,
            "color_scheme": "scheme-1",
            "text_alignment_mobile": "center"
          }
        }
      },
      "block_order": [
        "slide-0"
      ],
      "settings": {
        "layout": "full_bleed",
        "slide_height": "small",
        "slider_visual": "dots",
        "auto_rotate": false,
        "change_slides_speed": 5,
        "image_behavior": "none",
        "show_text_below": true
      }
    },
    "all-products": {
      "type": "featured-collection",
      "settings": {
        "heading_size": "h2",
        "show_description": true,
        "description_style": "subtitle",
        "collection": "all",
        "products_to_show": 24,
        "columns_desktop": 6,
        "full_width": false,
        "show_view_all": true,
        "view_all_style": "solid",
        "enable_desktop_slider": false,
        "color_scheme": "scheme-1",
        "image_ratio": "adapt",
        "image_shape": "default",
        "show_secondary_image": true,
        "show_vendor": false,
        "show_rating": false,
        "quick_add": "none",
        "columns_mobile": "2",
        "swipe_on_mobile": false,
        "padding_top": 24,
        "padding_bottom": 24
      }
    },
    "collection-list": {
      "type": "collection-list",
      "blocks": {
        "collection-0": {
          "type": "featured_collection",
          "settings": {
            "collection": ""
          }
        },
        "collection-1": {
          "type": "featured_collection",
          "settings": {
            "collection": ""
          }
        },
        "collection-2": {
          "type": "featured_collection",
          "settings": {
            "collection": ""
          }
        },
        "collection-3": {
          "type": "featured_collection",
          "settings": {
            "collection": ""
          }
        }
      },
      "block_order": [
        "collection-0",
        "collection-1",
        "collection-2",
        "collection-3"
      ],
      "settings": {
        "heading_size": "h2",
        "image_ratio": "square",
        "columns_desktop": 4,
        "color_scheme": "",
        "show_view_all": false,
        "columns_mobile": "1",
        "swipe_on_mobile": true,
        "padding_top": 36,
        "padding_bottom": 36
      }
    },
    "image-banner": {
      "type": "image-banner",
      "settings": {
        "image_overlay_opacity": 0,
        "image_height": "small",
        "desktop_content_position": "top-left",
        "show_text_box": false,
        "desktop_content_alignment": "center",
        "color_scheme": "",
        "image_behavior": "none",
        "mobile_content_alignment": "center",
        "stack_images_on_mobile": true,
        "show_text_below": true
      }
    }
  },
  "order": [
    "hero-slideshow",
    "all-products",
    "collection-list",
    "image-banner"
  ]
}
