{
  "name": "t:sections.footer.name",
  "type": "footer",
  "sections": {
    "footer": {
      "type": "footer",
      "settings": {
        "color_scheme": "scheme-3",
        "newsletter_enable": true,
        "newsletter_heading": "ALĂTURĂ-TE UNDERGROUND-ULUI",
        "newsletter_text": "Obține acces exclusiv la ediții limitate și lansări speciale.",
        "enable_follow_on_shop": true,
        "show_social": true,
        "enable_country_selector": false,
        "enable_language_selector": false,
        "payment_enable": true,
        "show_policy": true,
        "margin_top": 48,
        "padding_top": 52,
        "padding_bottom": 52
      }
    }
  },
  "order": [
    "footer"
  ]
}
